{
  "type": "minecraft:crafting_shapeless",
  "group": "netherite_ingot",
  "ingredients": [
    {
      "item": "minecraft:netherite_scrap"
    },
    {
      "item": "minecraft:netherite_scrap"
    },
    {
      "item": "minecraft:netherite_scrap"
    },
    {
      "item": "minecraft:netherite_scrap"
    },
    {
      "tag": "forge:ingots/gold"
    },
    {
      "tag": "forge:ingots/gold"
    },
    {
      "tag": "forge:ingots/gold"
    },
    {
      "tag": "forge:ingots/gold"
    }
  ],
  "result": {
    "item": "minecraft:netherite_ingot"
  }
}